"","Div","Date","HomeTeam","AwayTeam","FTHG","FTAG","FTR","Home_xG","Away_xG","HY","AY","HR","AR","HST","AST","HCO","ACO","HF","AF","CS","Referee","matchid"
"1","MLS",2024-02-21,"Inter Miami","RSL",2,0,"H",1.4,0.8,1,1,0,0,7,2,6,5,12,8,"2-0","Cristian Campo Hernández","2024-02-21-Inter Miami-RSL"
"2","MLS",2024-02-24,"LAFC","Seattle",2,1,"H",1.5,1.8,2,2,0,0,6,6,6,2,16,6,"2-1","Wesley Costa","2024-02-24-LAFC-Seattle"
"3","MLS",2024-02-24,"Crew","Atlanta Utd",1,0,"H",1.8,0.5,0,2,0,0,2,2,3,2,8,13,"1-0","Rafael Bonilla","2024-02-24-Crew-Atlanta Utd"
"4","MLS",2024-02-24,"Portland Timbers","Rapids",4,1,"H",0.5,1.2,2,3,0,0,3,3,4,4,11,15,"4-1","Aleksandar Zhelyazkov","2024-02-24-Portland Timbers-Rapids"
"5","MLS",2024-02-24,"Philadelphia","Fire",2,2,"D",2.1,1.6,1,2,0,0,6,4,10,3,13,12,"2-2","Muhammad Hassan","2024-02-24-Philadelphia-Fire"
"6","MLS",2024-02-24,"D.C. United","NE Revolution",3,1,"H",4.5,0.8,3,5,0,2,5,5,7,5,17,12,"3-1","Andrew Musashe","2024-02-24-D.C. United-NE Revolution"
"7","MLS",2024-02-24,"St. Louis","RSL",1,1,"D",0.7,1.7,1,0,0,0,4,2,4,7,15,13,"1-1","Lorenzo Hernandez","2024-02-24-St. Louis-RSL"
"8","MLS",2024-02-24,"Austin","Minnesota Utd",1,2,"A",1.1,3,2,2,0,0,2,10,4,16,14,13,"1-2","Trevor Wiseman","2024-02-24-Austin-Minnesota Utd"
"9","MLS",2024-02-24,"Orlando City","CF Montreal",0,0,"D",0.9,1,3,1,0,0,4,5,9,1,15,9,"0-0","Rafael Martinez","2024-02-24-Orlando City-CF Montreal"
"10","MLS",2024-02-24,"FC Dallas","SJ Earthquakes",2,1,"H",1,0.9,0,2,0,0,9,5,10,1,10,15,"2-1","DeShun Beard","2024-02-24-FC Dallas-SJ Earthquakes"
"11","MLS",2024-02-24,"Charlotte","NYCFC",1,0,"H",2,0.5,2,1,0,0,4,2,2,4,13,17,"1-0","Mario Maric","2024-02-24-Charlotte-NYCFC"
"12","MLS",2024-02-24,"Dynamo FC","Sporting KC",1,1,"D",1,0.2,0,2,0,0,4,2,5,3,13,12,"1-1","Jaime Herrera","2024-02-24-Dynamo FC-Sporting KC"
"13","MLS",2024-02-25,"FC Cincinnati","Toronto FC",0,0,"D",0.9,0.5,1,4,0,0,5,3,8,3,14,16,"0-0","Jonathan Weiner","2024-02-25-FC Cincinnati-Toronto FC"
"14","MLS",2024-02-25,"Nashville","NY Red Bulls",0,0,"D",0.1,1.4,3,0,0,0,3,5,3,5,13,15,"0-0","Cristian Campo","2024-02-25-Nashville-NY Red Bulls"
"15","MLS",2024-02-25,"LA Galaxy","Inter Miami",1,1,"D",3.2,0.6,2,3,1,0,8,5,3,6,14,19,"1-1","Gabriele Ciampi","2024-02-25-LA Galaxy-Inter Miami"
"16","MLS",2024-04-27,"Austin","LA Galaxy",2,0,"H",1.1,0.5,3,2,0,0,5,5,2,10,13,13,"2-0","Victor Rivas","2024-04-27-Austin-LA Galaxy"
"17","MLS",2024-04-27,"FC Cincinnati","Rapids",2,1,"H",2.1,0.7,2,1,0,0,9,2,4,6,10,5,"2-1","Boiko Serhii","2024-04-27-FC Cincinnati-Rapids"
"18","MLS",2024-04-27,"Crew","CF Montreal",0,0,"D",1.5,0.6,1,4,0,0,4,2,6,3,9,17,"0-0","Tori Penso","2024-04-27-Crew-CF Montreal"
"19","MLS",2024-04-27,"Philadelphia","RSL",1,2,"A",1.8,0.5,3,5,0,0,5,4,4,5,18,16,"1-2","Malik Badawi","2024-04-27-Philadelphia-RSL"
"20","MLS",2024-04-27,"NYCFC","Charlotte",2,1,"H",1.4,1.1,0,3,0,0,7,7,6,3,19,12,"2-1","Ismir Pekmic","2024-04-27-NYCFC-Charlotte"
"21","MLS",2024-04-27,"NY Red Bulls","Vancouver Wcaps",1,1,"D",1.2,1,4,3,1,0,9,4,6,4,11,10,"1-1","Mark Allatin","2024-04-27-NY Red Bulls-Vancouver Wcaps"
"22","MLS",2024-04-27,"NE Revolution","Inter Miami",1,4,"A",0.4,2.8,0,0,0,0,1,6,2,4,4,10,"1-4","Rubiel Vazquez","2024-04-27-NE Revolution-Inter Miami"
"23","MLS",2024-04-27,"D.C. United","Seattle",2,1,"H",1.9,1.4,5,1,0,1,4,6,4,6,22,11,"2-1","Rosendo Mendoza","2024-04-27-D.C. United-Seattle"
"24","MLS",2024-04-27,"Orlando City","Toronto FC",1,2,"A",0.9,1.5,4,4,0,0,3,4,3,4,13,12,"1-2","Armando Villarreal","2024-04-27-Orlando City-Toronto FC"
"25","MLS",2024-04-27,"Fire","Atlanta Utd",0,0,"D",1,1.3,1,3,0,0,0,5,3,8,9,6,"0-0","Filip Dujic","2024-04-27-Fire-Atlanta Utd"
"26","MLS",2024-04-27,"LAFC","Portland Timbers",3,2,"H",1.2,0.8,4,6,0,1,10,4,8,3,17,13,"3-2","Ismail Elfath","2024-04-27-LAFC-Portland Timbers"
"27","MLS",2024-04-27,"FC Dallas","Dynamo FC",2,0,"H",2.3,0.1,3,2,0,1,5,0,9,1,20,10,"2-0","Lukasz Szpala","2024-04-27-FC Dallas-Dynamo FC"
"28","MLS",2024-04-27,"Minnesota Utd","Sporting KC",2,1,"H",2.3,1.4,2,1,0,0,5,3,5,4,16,11,"2-1","Ted Unkel","2024-04-27-Minnesota Utd-Sporting KC"
"29","MLS",2024-04-27,"Nashville","SJ Earthquakes",1,1,"D",1,1.2,1,4,0,0,5,4,7,5,7,8,"1-1","Allen Chapman","2024-04-27-Nashville-SJ Earthquakes"
"30","MLS",2024-05-04,"SJ Earthquakes","LAFC",3,1,"H",1.5,1.9,2,2,0,0,3,7,4,7,14,14,"3-1","Victor Rivas","2024-05-04-SJ Earthquakes-LAFC"
"31","MLS",2024-05-04,"Inter Miami","NY Red Bulls",6,2,"H",2.8,1.5,1,3,0,0,7,4,3,3,8,11,"6-2","Tori Penso","2024-05-04-Inter Miami-NY Red Bulls"
"32","MLS",2024-05-04,"D.C. United","Philadelphia",2,2,"D",1.1,0.6,1,3,0,0,4,3,4,5,12,11,"2-2","Ismir Pekmic","2024-05-04-D.C. United-Philadelphia"
"33","MLS",2024-05-04,"Charlotte","Portland Timbers",2,0,"H",1.4,0.4,5,2,0,0,3,3,3,3,12,12,"2-0","Malik Badawi","2024-05-04-Charlotte-Portland Timbers"
"34","MLS",2024-05-04,"Orlando City","FC Cincinnati",0,1,"A",0.7,1,4,4,1,1,2,3,5,3,12,20,"0-1","Ismail Elfath","2024-05-04-Orlando City-FC Cincinnati"
"35","MLS",2024-05-04,"Toronto FC","FC Dallas",3,1,"H",1.4,0.4,2,2,0,0,5,2,6,4,13,10,"3-1","Pierre-Luc Lauziere","2024-05-04-Toronto FC-FC Dallas"
"36","MLS",2024-05-04,"Atlanta Utd","Minnesota Utd",1,2,"A",1.7,0.5,1,1,0,0,4,5,13,9,8,12,"1-2","Guido Gonzalez Jr.","2024-05-04-Atlanta Utd-Minnesota Utd"
"37","MLS",2024-05-04,"Fire","NE Revolution",0,1,"A",1.1,0.9,1,4,0,0,3,4,7,4,4,14,"0-1","Sergii Demianchuk","2024-05-04-Fire-NE Revolution"
"38","MLS",2024-05-04,"Vancouver Wcaps","Austin",0,0,"D",1.2,0.3,2,2,0,0,6,1,10,2,5,10,"0-0","Marcos de Oliveira","2024-05-04-Vancouver Wcaps-Austin"
"39","MLS",2024-05-04,"Dynamo FC","St. Louis",0,0,"D",1.3,1,1,2,0,0,7,3,5,7,8,13,"0-0","Boiko Serhii","2024-05-04-Dynamo FC-St. Louis"
"40","MLS",2024-05-04,"RSL","Sporting KC",1,0,"H",0.9,0.3,3,1,0,0,5,1,7,2,10,13,"1-0","Tim Ford","2024-05-04-RSL-Sporting KC"
"41","MLS",2024-05-04,"Nashville","CF Montreal",4,1,"H",2.7,0.8,2,3,0,0,7,4,7,5,14,13,"4-1","Rosendo Mendoza","2024-05-04-Nashville-CF Montreal"
"42","MLS",2024-05-05,"Seattle","LA Galaxy",0,0,"D",1.5,0.4,1,2,0,0,4,3,12,5,8,12,"0-0","Drew Fischer","2024-05-05-Seattle-LA Galaxy"
"43","MLS",2024-05-05,"NYCFC","Rapids",0,2,"A",1.3,0.6,1,1,0,0,3,4,4,3,7,7,"0-2","Allen Chapman","2024-05-05-NYCFC-Rapids"
"44","MLS",2024-05-11,"Charlotte","Nashville",1,0,"H",0.4,0.1,2,3,0,0,3,2,3,0,16,10,"1-0","Tori Penso","2024-05-11-Charlotte-Nashville"
"45","MLS",2024-05-11,"Atlanta Utd","D.C. United",2,3,"A",1.3,2.3,4,2,0,0,2,6,7,6,10,17,"2-3","Joe Dickerson","2024-05-11-Atlanta Utd-D.C. United"
"46","MLS",2024-05-11,"Philadelphia","Orlando City",2,3,"A",3.7,1.2,1,3,0,0,4,4,7,6,12,9,"2-3","Tim Ford","2024-05-11-Philadelphia-Orlando City"
"47","MLS",2024-05-11,"Toronto FC","NYCFC",2,3,"A",1.9,2.4,4,3,1,0,11,3,6,4,18,12,"2-3","Lukasz Szpala","2024-05-11-Toronto FC-NYCFC"
"48","MLS",2024-05-11,"CF Montreal","Inter Miami",2,3,"A",1.3,1.2,1,2,0,0,6,4,10,3,15,9,"2-3","Drew Fischer","2024-05-11-CF Montreal-Inter Miami"
"49","MLS",2024-05-11,"NY Red Bulls","NE Revolution",4,2,"H",3.4,1.2,0,3,0,0,5,6,2,7,7,9,"4-2","Jon Freemon","2024-05-11-NY Red Bulls-NE Revolution"
"50","MLS",2024-05-11,"St. Louis","Fire",3,1,"H",2.3,1,1,3,0,0,7,4,5,3,11,11,"3-1","Pierre-Luc Lauziere","2024-05-11-St. Louis-Fire"
"51","MLS",2024-05-11,"LA Galaxy","RSL",2,2,"D",2.8,1.4,1,1,0,0,6,4,12,3,6,14,"2-2","Rubiel Vazquez","2024-05-11-LA Galaxy-RSL"
"52","MLS",2024-05-11,"Sporting KC","Dynamo FC",1,2,"A",0.7,1.3,2,1,0,0,6,6,7,3,14,13,"1-2","Alexis Da Silva","2024-05-11-Sporting KC-Dynamo FC"
"53","MLS",2024-05-11,"Rapids","SJ Earthquakes",2,3,"A",1.9,1.1,2,2,0,0,6,3,7,5,12,13,"2-3","Natalie Simon","2024-05-11-Rapids-SJ Earthquakes"
"54","MLS",2024-05-11,"FC Dallas","Austin",2,1,"H",1.4,2.1,3,1,0,0,3,4,0,8,9,8,"2-1","Jair Marrufo","2024-05-11-FC Dallas-Austin"
"55","MLS",2024-05-11,"LAFC","Vancouver Wcaps",3,0,"H",3.8,0.4,1,1,0,0,7,3,5,5,17,7,"3-0","Ted Unkel","2024-05-11-LAFC-Vancouver Wcaps"
"56","MLS",2024-05-11,"Crew","FC Cincinnati",1,2,"A",0.8,1.2,2,3,0,0,4,5,4,4,8,16,"1-2","Guido Gonzalez Jr.","2024-05-11-Crew-FC Cincinnati"
"57","MLS",2024-05-12,"Portland Timbers","Seattle",1,2,"A",0.7,0.4,1,1,0,0,2,5,4,6,11,7,"1-2","Allen Chapman","2024-05-12-Portland Timbers-Seattle"
"58","MLS",2024-05-15,"FC Cincinnati","Atlanta Utd",1,0,"H",1.1,0.5,0,2,0,0,5,1,7,3,11,10,"1-0","Ted Unkel","2024-05-15-FC Cincinnati-Atlanta Utd"
"59","MLS",2024-05-15,"Philadelphia","NYCFC",1,2,"A",2.1,1.3,2,5,0,0,5,7,9,3,10,12,"1-2","Chris Penso","2024-05-15-Philadelphia-NYCFC"
"60","MLS",2024-05-15,"Orlando City","Inter Miami",0,0,"D",0.7,0.6,2,3,0,0,3,3,8,4,7,11,"0-0","Rosendo Mendoza","2024-05-15-Orlando City-Inter Miami"
"61","MLS",2024-05-15,"D.C. United","NY Red Bulls",1,4,"A",2.8,2.3,0,0,0,0,6,7,10,5,3,9,"1-4","Rubiel Vazquez","2024-05-15-D.C. United-NY Red Bulls"
"62","MLS",2024-05-15,"CF Montreal","Crew",1,3,"A",1.8,2.5,2,3,0,0,2,6,1,2,14,5,"1-3","Mark Allatin","2024-05-15-CF Montreal-Crew"
"63","MLS",2024-05-15,"Austin","Dynamo FC",1,0,"H",1.4,1.3,3,1,0,0,5,6,7,5,15,13,"1-0","Ismail Elfath","2024-05-15-Austin-Dynamo FC"
"64","MLS",2024-05-15,"Portland Timbers","SJ Earthquakes",4,2,"H",2.8,1,1,1,0,1,5,3,7,4,11,6,"4-2","Pierre-Luc Lauziere","2024-05-15-Portland Timbers-SJ Earthquakes"
"65","MLS",2024-05-15,"Rapids","Vancouver Wcaps",1,0,"H",2.4,0.7,0,0,0,1,2,2,8,6,5,10,"1-0","Alexis Da Silva","2024-05-15-Rapids-Vancouver Wcaps"
"66","MLS",2024-05-15,"Fire","Charlotte",0,1,"A",1,0.5,2,2,0,0,5,2,10,7,13,14,"0-1","Victor Rivas","2024-05-15-Fire-Charlotte"
"67","MLS",2024-05-15,"St. Louis","LAFC",0,2,"A",1.2,1.7,6,2,1,0,6,3,8,6,16,10,"0-2","Joe Dickerson","2024-05-15-St. Louis-LAFC"
"68","MLS",2024-05-15,"RSL","Seattle",2,0,"H",2.1,0.5,2,2,0,0,9,2,11,6,11,8,"2-0","Ismir Pekmic","2024-05-15-RSL-Seattle"
"69","MLS",2024-05-15,"Nashville","Toronto FC",2,0,"H",0.8,0.4,2,1,0,0,3,2,5,2,5,10,"2-0","Marcos de Oliveira","2024-05-15-Nashville-Toronto FC"
"70","MLS",2024-05-15,"Minnesota Utd","LA Galaxy",2,2,"D",2.5,1,2,1,0,0,7,5,6,2,13,8,"2-2","Lukasz Szpala","2024-05-15-Minnesota Utd-LA Galaxy"
"71","MLS",2024-05-18,"Nashville","Atlanta Utd",1,1,"D",1.4,0.7,2,2,0,0,4,1,6,1,9,14,"1-1","Drew Fischer","2024-05-18-Nashville-Atlanta Utd"
"72","MLS",2024-05-18,"Toronto FC","CF Montreal",5,1,"H",3.2,2.1,1,0,0,0,10,4,6,7,8,6,"5-1","Allen Chapman","2024-05-18-Toronto FC-CF Montreal"
"73","MLS",2024-05-18,"Inter Miami","D.C. United",1,0,"H",1.1,1.1,2,4,0,0,2,3,4,3,8,15,"1-0","Guido Gonzalez Jr.","2024-05-18-Inter Miami-D.C. United"
"74","MLS",2024-05-18,"FC Cincinnati","St. Louis",3,1,"H",3,0.6,1,2,0,0,7,3,5,4,12,16,"3-1","Tim Ford","2024-05-18-FC Cincinnati-St. Louis"
"75","MLS",2024-05-18,"NYCFC","NY Red Bulls",2,1,"H",1.2,1,1,5,0,1,5,4,5,5,10,14,"2-1","Rosendo Mendoza","2024-05-18-NYCFC-NY Red Bulls"
"76","MLS",2024-05-18,"Charlotte","LA Galaxy",0,0,"D",1.2,1.5,2,1,0,0,2,5,2,6,8,9,"0-0","Joe Dickerson","2024-05-18-Charlotte-LA Galaxy"
"77","MLS",2024-05-18,"NE Revolution","Philadelphia",0,3,"A",1.4,2.2,3,1,1,0,3,9,6,5,16,14,"0-3","Filip Dujic","2024-05-18-NE Revolution-Philadelphia"
"78","MLS",2024-05-18,"SJ Earthquakes","Orlando City",0,1,"A",0.6,1.8,2,0,0,0,3,3,6,5,7,7,"0-1","Malik Badawi","2024-05-18-SJ Earthquakes-Orlando City"
"79","MLS",2024-05-18,"Austin","Sporting KC",3,2,"H",2.4,1,4,2,0,0,6,3,7,5,8,12,"3-2","Boiko Serhii","2024-05-18-Austin-Sporting KC"
"80","MLS",2024-05-18,"Seattle","Vancouver Wcaps",1,1,"D",1,1,4,1,1,0,2,4,5,3,14,12,"1-1","Victor Rivas","2024-05-18-Seattle-Vancouver Wcaps"
"81","MLS",2024-05-18,"Dynamo FC","FC Dallas",1,1,"D",0.8,0.8,2,1,0,0,8,3,6,1,14,10,"1-1","Tori Penso","2024-05-18-Dynamo FC-FC Dallas"
"82","MLS",2024-05-18,"RSL","Rapids",5,3,"H",2.3,2.4,4,2,0,0,10,10,6,2,17,14,"5-3","Jon Freemon","2024-05-18-RSL-Rapids"
"83","MLS",2024-05-18,"Minnesota Utd","Portland Timbers",2,1,"H",2.3,1.4,4,5,1,0,6,5,8,7,13,9,"2-1","Jair Marrufo","2024-05-18-Minnesota Utd-Portland Timbers"
"84","MLS",2024-05-18,"Fire","Crew",1,3,"A",1.3,0.9,3,0,0,0,4,5,9,5,22,7,"1-3","Ricardo Fierro","2024-05-18-Fire-Crew"
"85","MLS",2024-05-25,"CF Montreal","Nashville",0,0,"D",1.2,0.8,3,1,0,0,2,2,3,5,13,9,"0-0","Tim Ford","2024-05-25-CF Montreal-Nashville"
"86","MLS",2024-05-25,"D.C. United","Fire",1,1,"D",1.2,0.9,3,2,0,0,5,4,8,1,15,14,"1-1","Mark Allatin","2024-05-25-D.C. United-Fire"
"87","MLS",2024-05-25,"Charlotte","Philadelphia",0,0,"D",1,0.9,0,2,0,0,4,5,11,2,7,9,"0-0","Guido Gonzalez Jr.","2024-05-25-Charlotte-Philadelphia"
"88","MLS",2024-05-25,"Toronto FC","FC Cincinnati",3,4,"A",1.3,1.5,4,3,0,0,3,6,4,3,16,15,"3-4","Victor Rivas","2024-05-25-Toronto FC-FC Cincinnati"
"89","MLS",2024-05-25,"Atlanta Utd","LAFC",0,1,"A",1.3,0.9,2,2,1,1,5,4,5,9,12,8,"0-1","Boiko Serhii","2024-05-25-Atlanta Utd-LAFC"
"90","MLS",2024-05-25,"NE Revolution","NYCFC",0,1,"A",0.7,1.5,3,2,0,0,6,4,8,7,19,8,"0-1","Ted Unkel","2024-05-25-NE Revolution-NYCFC"
"91","MLS",2024-05-25,"Orlando City","Crew",0,2,"A",1.3,2.2,2,2,0,0,5,2,9,2,11,7,"0-2","Jair Marrufo","2024-05-25-Orlando City-Crew"
"92","MLS",2024-05-25,"FC Dallas","RSL",3,3,"D",1.6,3.1,4,0,0,0,7,8,5,7,12,8,"3-3","Abdou Ndiaye","2024-05-25-FC Dallas-RSL"
"93","MLS",2024-05-25,"Portland Timbers","Sporting KC",2,1,"H",2.1,0.2,0,1,0,0,4,2,3,2,13,8,"2-1","Drew Fischer","2024-05-25-Portland Timbers-Sporting KC"
"94","MLS",2024-05-25,"Rapids","Minnesota Utd",3,3,"D",3.3,1.9,0,4,0,0,7,6,9,0,3,16,"3-3","Filip Dujic","2024-05-25-Rapids-Minnesota Utd"
"95","MLS",2024-05-25,"SJ Earthquakes","Austin",1,1,"D",3.3,0.6,4,1,0,0,5,1,8,1,10,12,"1-1","Chris Penso","2024-05-25-SJ Earthquakes-Austin"
"96","MLS",2024-05-25,"Vancouver Wcaps","Inter Miami",1,2,"A",2.2,1.3,3,6,0,0,1,6,9,5,8,14,"1-2","Joe Dickerson","2024-05-25-Vancouver Wcaps-Inter Miami"
"97","MLS",2024-05-25,"St. Louis","Seattle",1,2,"A",1.5,1.3,3,2,0,0,5,1,6,1,14,9,"1-2","Lukasz Szpala","2024-05-25-St. Louis-Seattle"
"98","MLS",2024-05-25,"LA Galaxy","Dynamo FC",2,1,"H",1.1,1.9,1,0,0,0,6,3,7,5,10,12,"2-1","Allen Chapman","2024-05-25-LA Galaxy-Dynamo FC"
"99","MLS",2024-05-29,"CF Montreal","D.C. United",4,2,"H",2.4,1.4,3,4,0,1,6,4,4,2,13,20,"4-2","Ismail Elfath","2024-05-29-CF Montreal-D.C. United"
"100","MLS",2024-05-29,"NY Red Bulls","Charlotte",3,1,"H",1.4,0.6,1,4,0,0,6,4,4,3,6,13,"3-1","Chris Penso","2024-05-29-NY Red Bulls-Charlotte"
"101","MLS",2024-05-29,"FC Cincinnati","Nashville",0,2,"A",1.3,1,0,0,0,0,6,3,8,4,9,8,"0-2","Jair Marrufo","2024-05-29-FC Cincinnati-Nashville"
"102","MLS",2024-05-29,"Philadelphia","Toronto FC",0,0,"D",0.7,1.2,1,2,0,0,1,3,5,4,8,8,"0-0","Rubiel Vazquez","2024-05-29-Philadelphia-Toronto FC"
"103","MLS",2024-05-29,"Inter Miami","Atlanta Utd",1,3,"A",0.7,3.5,1,0,0,0,5,8,4,5,11,7,"1-3","Armando Villarreal","2024-05-29-Inter Miami-Atlanta Utd"
"104","MLS",2024-05-29,"LA Galaxy","FC Dallas",3,1,"H",3.6,0.6,1,5,0,1,9,5,6,2,9,17,"3-1","Filip Dujic","2024-05-29-LA Galaxy-FC Dallas"
"105","MLS",2024-05-29,"Seattle","RSL",1,1,"D",0.8,1.3,2,2,0,0,5,3,11,4,11,12,"1-1","Boiko Serhii","2024-05-29-Seattle-RSL"
"106","MLS",2024-05-29,"Dynamo FC","Rapids",3,1,"H",2.3,1.7,1,1,0,0,6,9,3,6,19,15,"3-1","Marcos de Oliveira","2024-05-29-Dynamo FC-Rapids"
"107","MLS",2024-05-29,"Austin","Portland Timbers",0,2,"A",2.2,1.7,5,1,0,0,2,2,3,3,12,15,"0-2","Victor Rivas","2024-05-29-Austin-Portland Timbers"
"108","MLS",2024-05-29,"Sporting KC","Vancouver Wcaps",1,2,"A",0.8,1.8,2,1,0,0,3,2,4,4,9,12,"1-2","Rosendo Mendoza","2024-05-29-Sporting KC-Vancouver Wcaps"
"109","MLS",2024-05-29,"Fire","Orlando City",1,1,"D",1,0.8,3,1,0,0,3,2,6,4,14,4,"1-1","Malik Badawi","2024-05-29-Fire-Orlando City"
"110","MLS",2024-05-29,"LAFC","Minnesota Utd",2,0,"H",2.3,0.2,0,2,0,0,4,1,7,8,11,16,"2-0","Tim Ford","2024-05-29-LAFC-Minnesota Utd"
"111","MLS",2024-05-31,"NYCFC","SJ Earthquakes",5,1,"H",2.7,1,3,1,0,0,7,3,4,6,14,8,"5-1","Mark Allatin","2024-05-31-NYCFC-SJ Earthquakes"
"112","MLS",2024-06-01,"Philadelphia","CF Montreal",2,2,"D",2.7,1.1,1,2,1,1,9,3,11,1,12,11,"2-2","Ted Unkel","2024-06-01-Philadelphia-CF Montreal"
"113","MLS",2024-06-01,"D.C. United","Toronto FC",2,2,"D",2.9,0.8,0,9,0,2,7,2,10,4,12,12,"2-2","Jon Freemon","2024-06-01-D.C. United-Toronto FC"
"114","MLS",2024-06-01,"Inter Miami","St. Louis",3,3,"D",2.6,1.6,1,1,0,0,10,7,9,7,6,19,"3-3","Allen Chapman","2024-06-01-Inter Miami-St. Louis"
"115","MLS",2024-06-01,"NY Red Bulls","Orlando City",1,0,"H",0.8,0.4,1,1,0,0,4,1,4,5,15,9,"1-0","Drew Fischer","2024-06-01-NY Red Bulls-Orlando City"
"116","MLS",2024-06-01,"LAFC","FC Dallas",1,0,"H",1.5,0.4,1,4,0,0,9,3,8,2,6,10,"1-0","Lukasz Szpala","2024-06-01-LAFC-FC Dallas"
"117","MLS",2024-06-01,"RSL","Austin",5,1,"H",3.8,1.3,2,3,0,0,9,2,4,2,16,11,"5-1","Alexis Da Silva","2024-06-01-RSL-Austin"
"118","MLS",2024-06-01,"Minnesota Utd","Sporting KC",3,1,"H",1.6,0.7,4,1,0,0,6,1,4,4,14,16,"3-1","Joe Dickerson","2024-06-01-Minnesota Utd-Sporting KC"
"119","MLS",2024-06-01,"Fire","LA Galaxy",2,1,"H",1,1.5,3,2,0,0,4,3,2,5,16,6,"2-1","Marcos de Oliveira","2024-06-01-Fire-LA Galaxy"
"120","MLS",2024-06-01,"Portland Timbers","Dynamo FC",2,2,"D",1.7,1,4,6,0,0,3,3,7,8,19,12,"2-2","Guido Gonzalez Jr.","2024-06-01-Portland Timbers-Dynamo FC"
"121","MLS",2024-06-01,"Nashville","NE Revolution",1,2,"A",3.2,0.7,1,3,0,0,3,4,8,4,12,15,"1-2","Ismail Elfath","2024-06-01-Nashville-NE Revolution"
"122","MLS",2024-06-01,"Vancouver Wcaps","Rapids",2,1,"H",2.3,1.5,2,2,0,0,3,3,3,8,6,9,"2-1","Michael Venne","2024-06-01-Vancouver Wcaps-Rapids"
"123","MLS",2024-06-02,"Atlanta Utd","Charlotte",2,3,"A",2.1,1,3,4,0,0,4,4,4,3,12,10,"2-3","Ismir Pekmic","2024-06-02-Atlanta Utd-Charlotte"
"124","MLS",2024-06-08,"NE Revolution","NY Red Bulls",1,0,"H",0.9,1.1,1,1,0,0,4,5,4,2,10,12,"1-0","Alexis Da Silva","2024-06-08-NE Revolution-NY Red Bulls"
"125","MLS",2024-06-08,"Minnesota Utd","FC Dallas",1,1,"D",0.6,0.3,2,0,0,0,6,4,5,4,7,6,"1-1","Marcos de Oliveira","2024-06-08-Minnesota Utd-FC Dallas"
"126","MLS",2024-06-08,"St. Louis","Portland Timbers",0,0,"D",1.1,0.6,6,2,0,0,2,2,6,4,21,11,"0-0","Ismir Pekmic","2024-06-08-St. Louis-Portland Timbers"
"127","MLS",2024-06-08,"Sporting KC","Seattle",2,1,"H",0.7,1.1,3,3,0,1,4,1,9,1,13,16,"2-1","Guido Gonzalez Jr.","2024-06-08-Sporting KC-Seattle"
"128","MLS",2024-06-14,"NYCFC","Crew",2,3,"A",2.2,3.6,4,2,1,0,6,11,3,4,16,12,"2-3","Alexis Da Silva","2024-06-14-NYCFC-Crew"
"129","MLS",2024-06-15,"CF Montreal","RSL",0,0,"D",1.1,0.9,5,1,0,0,2,6,0,7,16,11,"0-0","Filip Dujic","2024-06-15-CF Montreal-RSL"
"130","MLS",2024-06-15,"Orlando City","LAFC",1,3,"A",2,2.2,1,1,0,0,1,6,9,1,8,11,"1-3","Rubiel Vazquez","2024-06-15-Orlando City-LAFC"
"131","MLS",2024-06-15,"NE Revolution","Vancouver Wcaps",3,2,"H",1,0.7,1,2,0,0,7,8,3,4,12,11,"3-2","Natalie Simon","2024-06-15-NE Revolution-Vancouver Wcaps"
"132","MLS",2024-06-15,"NY Red Bulls","Nashville",0,0,"D",1.9,0.3,2,1,0,0,6,0,8,2,18,11,"0-0","Guido Gonzalez Jr.","2024-06-15-NY Red Bulls-Nashville"
"133","MLS",2024-06-15,"Atlanta Utd","Dynamo FC",2,2,"D",1.8,1.5,1,4,0,0,5,9,4,6,12,16,"2-2","Victor Rivas","2024-06-15-Atlanta Utd-Dynamo FC"
"134","MLS",2024-06-15,"Philadelphia","Inter Miami",1,2,"A",1.9,1.2,3,6,0,2,3,4,6,3,8,11,"1-2","Ismir Pekmic","2024-06-15-Philadelphia-Inter Miami"
"135","MLS",2024-06-15,"Charlotte","D.C. United",1,0,"H",1.7,0.2,4,2,0,0,2,1,6,5,12,9,"1-0","Boiko Serhii","2024-06-15-Charlotte-D.C. United"
"136","MLS",2024-06-15,"Toronto FC","Fire",1,4,"A",0.9,1.1,0,0,0,0,6,8,5,5,7,12,"1-4","Pierre-Luc Lauziere","2024-06-15-Toronto FC-Fire"
"137","MLS",2024-06-15,"LA Galaxy","Sporting KC",4,2,"H",3.2,2.6,3,1,0,0,10,4,5,4,10,6,"4-2","Chris Penso","2024-06-15-LA Galaxy-Sporting KC"
"138","MLS",2024-06-15,"FC Dallas","St. Louis",2,0,"H",1.3,1.6,2,4,0,0,3,8,4,6,11,11,"2-0","Jon Freemon","2024-06-15-FC Dallas-St. Louis"
"139","MLS",2024-06-15,"Rapids","Austin",2,0,"H",1,0.6,0,2,0,0,6,0,4,3,10,15,"2-0","Malik Badawi","2024-06-15-Rapids-Austin"
"140","MLS",2024-06-15,"Seattle","Minnesota Utd",2,0,"H",2.2,0.2,0,2,0,1,4,0,6,3,10,14,"2-0","Rosendo Mendoza","2024-06-15-Seattle-Minnesota Utd"
"141","MLS",2024-06-15,"SJ Earthquakes","FC Cincinnati",2,4,"A",2.9,1.9,1,1,0,0,7,6,10,3,5,11,"2-4","Lukasz Szpala","2024-06-15-SJ Earthquakes-FC Cincinnati"
"142","MLS",2024-03-02,"RSL","LAFC",3,0,"H",2.3,0.7,3,3,1,0,6,6,4,8,16,18,"3-0","Aleksandar Zhelyazkov","2024-03-02-RSL-LAFC"
"143","MLS",2024-03-02,"Minnesota Utd","Crew",1,1,"D",0.8,1.4,1,0,0,0,4,6,5,3,17,4,"1-1","Amin Hadzic","2024-03-02-Minnesota Utd-Crew"
"144","MLS",2024-03-02,"Inter Miami","Orlando City",5,0,"H",2.8,0.8,3,1,0,0,5,3,1,5,18,12,"5-0","Jaime Herrera","2024-03-02-Inter Miami-Orlando City"
"145","MLS",2024-03-02,"Vancouver Wcaps","Charlotte",1,1,"D",1,1.3,2,2,0,0,5,5,5,5,7,11,"1-1","Scott Bowman","2024-03-02-Vancouver Wcaps-Charlotte"
"146","MLS",2024-03-02,"Dynamo FC","NY Red Bulls",1,2,"A",1.2,1,4,2,0,0,5,5,4,7,13,13,"1-2","Lorenzo Hernandez","2024-03-02-Dynamo FC-NY Red Bulls"
"147","MLS",2024-03-02,"St. Louis","NYCFC",2,0,"H",0.8,0.5,5,3,0,1,3,1,5,3,21,13,"2-0","Erick Lezama","2024-03-02-St. Louis-NYCFC"
"148","MLS",2024-03-02,"FC Dallas","CF Montreal",1,2,"A",0.9,1.3,2,2,0,0,7,6,4,4,18,5,"1-2","Kyle Johnston","2024-03-02-FC Dallas-CF Montreal"
"149","MLS",2024-03-02,"Sporting KC","Philadelphia",1,1,"D",0.9,0.5,1,2,0,0,7,2,7,2,9,13,"1-1","Rafael Bonilla","2024-03-02-Sporting KC-Philadelphia"
"150","MLS",2024-03-02,"Fire","FC Cincinnati",1,2,"A",1,0.9,3,3,0,0,0,5,3,9,16,12,"1-2","Mario Maric","2024-03-02-Fire-FC Cincinnati"
"151","MLS",2024-03-02,"SJ Earthquakes","LA Galaxy",1,3,"A",0.8,1.6,2,2,0,0,3,6,10,2,18,8,"1-3","Cristian Campo Hernández","2024-03-02-SJ Earthquakes-LA Galaxy"
"152","MLS",2024-03-02,"Seattle","Austin",0,0,"D",1.2,0,3,5,0,0,3,1,9,0,14,18,"0-0","Rafael Martinez","2024-03-02-Seattle-Austin"
"153","MLS",2024-03-02,"Rapids","Nashville",1,1,"D",0.6,1.5,1,0,0,0,2,1,1,3,16,7,"1-1","Esteban Rosano","2024-03-02-Rapids-Nashville"
"154","MLS",2024-03-02,"Portland Timbers","D.C. United",2,2,"D",0.8,2,3,2,0,0,3,7,4,8,15,15,"2-2","Trevor Wiseman","2024-03-02-Portland Timbers-D.C. United"
"155","MLS",2024-03-03,"NE Revolution","Toronto FC",0,1,"A",1.8,0.7,0,4,0,0,6,2,11,0,11,16,"0-1","Wesley Costa","2024-03-03-NE Revolution-Toronto FC"
"156","MLS",2024-06-19,"Inter Miami","Crew",2,1,"H",1.1,1.6,2,0,0,0,7,4,3,4,8,6,"2-1","Boiko Serhii","2024-06-19-Inter Miami-Crew"
"157","MLS",2024-06-19,"Toronto FC","Nashville",1,2,"A",1.9,0.8,2,1,0,0,5,3,2,3,8,15,"1-2","Chris Penso","2024-06-19-Toronto FC-Nashville"
"158","MLS",2024-06-19,"Charlotte","Orlando City",2,2,"D",0.9,1.9,1,2,1,0,5,9,3,11,7,6,"2-2","Allen Chapman","2024-06-19-Charlotte-Orlando City"
"159","MLS",2024-06-19,"CF Montreal","NY Red Bulls",2,2,"D",2,2.4,2,3,0,0,3,9,3,12,5,8,"2-2","Lukasz Szpala","2024-06-19-CF Montreal-NY Red Bulls"
"160","MLS",2024-06-19,"D.C. United","Atlanta Utd",0,1,"A",1.2,0.9,2,2,0,0,4,4,11,2,5,11,"0-1","Pierre-Luc Lauziere","2024-06-19-D.C. United-Atlanta Utd"
"161","MLS",2024-06-19,"LA Galaxy","NYCFC",2,0,"H",1.7,0.8,3,2,0,0,5,4,2,5,9,9,"2-0","Rubiel Vazquez","2024-06-19-LA Galaxy-NYCFC"
"162","MLS",2024-06-19,"Austin","LAFC",1,1,"D",0.3,1,3,3,0,0,1,1,1,8,18,12,"1-1","Ted Unkel","2024-06-19-Austin-LAFC"
"163","MLS",2024-06-19,"SJ Earthquakes","Portland Timbers",1,2,"A",1.4,2.2,0,5,0,0,2,4,9,2,3,12,"1-2","Marcos de Oliveira","2024-06-19-SJ Earthquakes-Portland Timbers"
"164","MLS",2024-06-19,"Dynamo FC","Seattle",2,2,"D",2.6,1.1,3,1,0,0,5,4,5,2,12,11,"2-2","Drew Fischer","2024-06-19-Dynamo FC-Seattle"
"165","MLS",2024-06-19,"St. Louis","Rapids",0,3,"A",1.7,3.4,4,2,0,0,4,4,4,7,15,10,"0-3","Guido Gonzalez Jr.","2024-06-19-St. Louis-Rapids"
"166","MLS",2024-06-19,"FC Dallas","Minnesota Utd",5,3,"H",1.7,3.2,2,1,0,0,9,6,1,7,11,9,"5-3","Sergii Demianchuk","2024-06-19-FC Dallas-Minnesota Utd"
"167","MLS",2024-06-19,"Sporting KC","RSL",3,4,"A",2.7,2.7,1,1,0,0,7,9,13,0,16,11,"3-4","Mark Allatin","2024-06-19-Sporting KC-RSL"
"168","MLS",2024-06-19,"FC Cincinnati","Philadelphia",4,3,"H",2.2,1.2,1,3,0,0,4,5,2,4,9,7,"4-3","Jair Marrufo","2024-06-19-FC Cincinnati-Philadelphia"
"169","MLS",2024-06-22,"NY Red Bulls","Toronto FC",3,0,"H",1.6,0.2,2,2,0,0,7,2,9,1,9,11,"3-0","Joe Dickerson","2024-06-22-NY Red Bulls-Toronto FC"
"170","MLS",2024-06-22,"D.C. United","Dynamo FC",1,4,"A",1.6,2.1,6,1,2,0,2,5,7,2,20,11,"1-4","Tim Ford","2024-06-22-D.C. United-Dynamo FC"
"171","MLS",2024-06-22,"Crew","Sporting KC",4,0,"H",2,0.2,0,2,0,0,8,0,7,1,5,15,"4-0","Marcos de Oliveira","2024-06-22-Crew-Sporting KC"
"172","MLS",2024-06-22,"FC Cincinnati","NE Revolution",1,2,"A",1.2,0.5,6,1,1,0,5,5,9,3,19,9,"1-2","Jon Freemon","2024-06-22-FC Cincinnati-NE Revolution"
"173","MLS",2024-06-22,"Philadelphia","Charlotte",0,2,"A",1,2.6,0,3,0,0,5,7,7,9,9,10,"0-2","Alexis Da Silva","2024-06-22-Philadelphia-Charlotte"
"174","MLS",2024-06-22,"Orlando City","Fire",4,2,"H",2.3,3,1,1,0,0,5,11,1,3,11,12,"4-2","Natalie Simon","2024-06-22-Orlando City-Fire"
"175","MLS",2024-06-22,"St. Louis","Atlanta Utd",1,1,"D",1.1,1.5,2,1,0,0,4,7,7,5,13,12,"1-1","Filip Dujic","2024-06-22-St. Louis-Atlanta Utd"
"176","MLS",2024-06-22,"Seattle","FC Dallas",3,2,"H",2,0.8,1,2,0,0,10,5,9,1,16,12,"3-2","Malik Badawi","2024-06-22-Seattle-FC Dallas"
"177","MLS",2024-06-22,"RSL","LA Galaxy",0,1,"A",1,0.8,2,1,0,0,4,3,6,3,14,10,"0-1","Jair Marrufo","2024-06-22-RSL-LA Galaxy"
"178","MLS",2024-06-22,"LAFC","SJ Earthquakes",6,2,"H",3,1.3,0,1,0,0,8,4,6,6,5,4,"6-2","Boiko Serhii","2024-06-22-LAFC-SJ Earthquakes"
"179","MLS",2024-06-22,"Rapids","CF Montreal",4,1,"H",3.1,0.3,0,2,0,0,7,1,10,3,7,5,"4-1","Rosendo Mendoza","2024-06-22-Rapids-CF Montreal"
"180","MLS",2024-06-22,"Portland Timbers","Vancouver Wcaps",2,0,"H",1.5,0.8,1,4,0,1,7,2,1,4,11,12,"2-0","Ted Unkel","2024-06-22-Portland Timbers-Vancouver Wcaps"
"181","MLS",2024-06-22,"Nashville","NYCFC",1,0,"H",1.3,1.3,0,2,0,0,3,0,3,5,8,10,"1-0","Victor Rivas","2024-06-22-Nashville-NYCFC"
"182","MLS",2024-06-22,"Minnesota Utd","Austin",0,1,"A",0.6,0.6,4,2,1,0,1,3,6,4,18,15,"0-1","Drew Fischer","2024-06-22-Minnesota Utd-Austin"
"183","MLS",2024-06-28,"NYCFC","Orlando City",4,2,"H",1.8,1.2,2,0,0,0,6,8,3,2,12,10,"4-2","Boiko Serhii","2024-06-28-NYCFC-Orlando City"
"184","MLS",2024-06-29,"Atlanta Utd","Toronto FC",2,1,"H",1.3,1.2,2,1,0,0,5,4,6,2,17,10,"2-1","Marcos de Oliveira","2024-06-29-Atlanta Utd-Toronto FC"
"185","MLS",2024-06-29,"NY Red Bulls","D.C. United",2,2,"D",1.8,0.6,2,6,0,1,3,3,5,2,16,11,"2-2","Malik Badawi","2024-06-29-NY Red Bulls-D.C. United"
"186","MLS",2024-06-29,"CF Montreal","Philadelphia",4,2,"H",2.1,0.9,1,1,0,0,6,5,5,3,11,10,"4-2","Jon Freemon","2024-06-29-CF Montreal-Philadelphia"
"187","MLS",2024-06-29,"NE Revolution","Crew",1,5,"A",1.4,2.6,0,1,0,0,5,6,4,3,15,8,"1-5","Ricardo Fierro","2024-06-29-NE Revolution-Crew"
"188","MLS",2024-06-29,"LAFC","Rapids",3,0,"H",2.8,0.7,1,5,0,1,11,1,4,9,9,11,"3-0","Chris Penso","2024-06-29-LAFC-Rapids"
"189","MLS",2024-06-29,"Nashville","Inter Miami",1,2,"A",1.4,0.9,1,1,0,0,4,5,7,5,2,11,"1-2","Lukasz Szpala","2024-06-29-Nashville-Inter Miami"
"190","MLS",2024-06-29,"Vancouver Wcaps","St. Louis",4,3,"H",1.5,1.9,1,2,0,0,7,3,3,5,11,9,"4-3","Mark Allatin","2024-06-29-Vancouver Wcaps-St. Louis"
"191","MLS",2024-06-29,"Seattle","Fire",2,1,"H",2.3,1.7,2,2,0,0,5,4,3,2,10,17,"2-1","Joe Dickerson","2024-06-29-Seattle-Fire"
"192","MLS",2024-06-29,"Dynamo FC","Charlotte",1,0,"H",1.4,1,1,1,0,0,4,4,7,2,8,9,"1-0","Pierre-Luc Lauziere","2024-06-29-Dynamo FC-Charlotte"
"193","MLS",2024-06-29,"Portland Timbers","Minnesota Utd",3,2,"H",4,1.7,0,0,0,0,12,4,11,1,9,8,"3-2","Tim Ford","2024-06-29-Portland Timbers-Minnesota Utd"
"194","MLS",2024-06-29,"Sporting KC","Austin",2,0,"H",1.8,0.5,3,3,0,0,2,0,5,1,16,19,"2-0","Filip Dujic","2024-06-29-Sporting KC-Austin"
"195","MLS",2024-06-29,"SJ Earthquakes","LA Galaxy",0,3,"A",1.9,2.3,1,4,0,0,6,7,5,6,11,9,"0-3","Guido Gonzalez Jr.","2024-06-29-SJ Earthquakes-LA Galaxy"
"196","MLS",2024-06-29,"FC Dallas","FC Cincinnati",0,1,"A",1,1.1,2,6,0,0,2,2,5,1,16,14,"0-1","Victor Rivas","2024-06-29-FC Dallas-FC Cincinnati"
"197","MLS",2024-07-03,"Toronto FC","Orlando City",1,2,"A",1.1,1.3,4,3,0,0,1,2,6,4,10,7,"1-2","Mark Allatin","2024-07-03-Toronto FC-Orlando City"
"198","MLS",2024-07-03,"Charlotte","Inter Miami",1,2,"A",1.5,1.7,1,4,1,0,2,4,6,1,13,11,"1-2","Rubiel Vazquez","2024-07-03-Charlotte-Inter Miami"
"199","MLS",2024-07-03,"NYCFC","CF Montreal",2,0,"H",2.6,0.9,1,1,0,0,7,4,2,4,10,13,"2-0","Marcos de Oliveira","2024-07-03-NYCFC-CF Montreal"
"200","MLS",2024-07-03,"D.C. United","FC Cincinnati",2,3,"A",1.1,1.3,2,2,0,0,6,6,3,4,9,12,"2-3","Alexis Da Silva","2024-07-03-D.C. United-FC Cincinnati"
"201","MLS",2024-07-03,"Fire","Philadelphia",4,3,"H",3.2,1.3,2,2,0,0,10,3,4,1,16,12,"4-3","Abdou Ndiaye","2024-07-03-Fire-Philadelphia"
"202","MLS",2024-07-03,"Minnesota Utd","Vancouver Wcaps",1,3,"A",2.9,1.4,4,3,0,0,2,3,7,5,12,13,"1-3","Victor Rivas","2024-07-03-Minnesota Utd-Vancouver Wcaps"
"203","MLS",2024-07-03,"St. Louis","SJ Earthquakes",2,0,"H",3.3,0.3,2,2,0,0,8,1,7,5,15,12,"2-0","Malik Badawi","2024-07-03-St. Louis-SJ Earthquakes"
"204","MLS",2024-07-03,"RSL","Dynamo FC",3,2,"H",3.6,0.7,2,2,0,0,7,2,7,2,17,13,"3-2","Allen Chapman","2024-07-03-RSL-Dynamo FC"
"205","MLS",2024-07-03,"NE Revolution","Atlanta Utd",2,1,"H",1.4,1.9,0,1,0,0,5,8,3,12,5,7,"2-1","Jair Marrufo","2024-07-03-NE Revolution-Atlanta Utd"
"206","MLS",2024-07-03,"Crew","Nashville",2,0,"H",2.3,0.8,0,2,0,0,4,3,10,4,8,16,"2-0","Joe Dickerson","2024-07-03-Crew-Nashville"
"207","MLS",2024-07-04,"FC Dallas","Portland Timbers",3,2,"H",1.1,1.6,4,1,0,0,4,5,7,1,17,10,"3-2","Rosendo Mendoza","2024-07-04-FC Dallas-Portland Timbers"
"208","MLS",2024-07-04,"Rapids","Sporting KC",2,1,"H",2.5,1.3,2,2,0,0,3,1,4,1,5,12,"2-1","Boiko Serhii","2024-07-04-Rapids-Sporting KC"
"209","MLS",2024-07-04,"LA Galaxy","LAFC",1,2,"A",0.9,2.5,2,1,0,0,4,6,5,11,7,14,"1-2","Drew Fischer","2024-07-04-LA Galaxy-LAFC"
"210","MLS",2024-07-06,"Orlando City","D.C. United",5,0,"H",2.3,0.3,0,1,0,1,9,0,12,1,5,8,"5-0","Lukasz Szpala","2024-07-06-Orlando City-D.C. United"
"211","MLS",2024-07-06,"FC Cincinnati","Inter Miami",6,1,"H",3.7,1.2,2,5,0,1,10,4,7,5,13,14,"6-1","Chris Penso","2024-07-06-FC Cincinnati-Inter Miami"
"212","MLS",2024-07-06,"Crew","Toronto FC",4,0,"H",2,0.4,1,4,0,0,6,2,5,4,8,15,"4-0","Ted Unkel","2024-07-06-Crew-Toronto FC"
"213","MLS",2024-07-06,"CF Montreal","Vancouver Wcaps",1,1,"D",0.9,1.4,1,1,0,0,3,4,3,7,6,5,"1-1","Guido Gonzalez Jr.","2024-07-06-CF Montreal-Vancouver Wcaps"
"214","MLS",2024-07-06,"Philadelphia","NY Red Bulls",0,0,"D",2.5,3.1,1,1,0,0,6,5,4,3,8,10,"0-0","Filip Dujic","2024-07-06-Philadelphia-NY Red Bulls"
"215","MLS",2024-07-06,"Seattle","NE Revolution",2,0,"H",0.8,0.7,1,2,0,0,7,4,9,8,5,7,"2-0","Fotis Bazakos","2024-07-06-Seattle-NE Revolution"
"216","MLS",2024-07-06,"RSL","Atlanta Utd",5,2,"H",1.7,1.3,1,2,0,0,6,4,5,5,11,8,"5-2","Rubiel Vazquez","2024-07-06-RSL-Atlanta Utd"
"217","MLS",2024-07-06,"Austin","NYCFC",2,1,"H",1.1,2.3,1,0,0,0,4,4,5,5,5,7,"2-1","Tim Ford","2024-07-06-Austin-NYCFC"
"218","MLS",2024-07-07,"SJ Earthquakes","Fire",1,0,"H",1.3,1.3,2,3,0,0,3,1,7,5,7,11,"1-0","Ramy Touchan","2024-07-07-SJ Earthquakes-Fire"
"219","MLS",2024-07-07,"Sporting KC","FC Dallas",3,2,"H",2.3,1.8,2,1,1,0,6,4,7,0,18,9,"3-2","Natalie Simon","2024-07-07-Sporting KC-FC Dallas"
"220","MLS",2024-07-07,"Rapids","St. Louis",4,1,"H",2.1,1,0,1,0,0,5,3,3,7,6,12,"4-1","Drew Fischer","2024-07-07-Rapids-St. Louis"
"221","MLS",2024-07-07,"Portland Timbers","Nashville",4,1,"H",3.2,2.1,0,1,0,1,8,3,3,3,10,11,"4-1","Jon Freemon","2024-07-07-Portland Timbers-Nashville"
"222","MLS",2024-07-07,"LA Galaxy","Minnesota Utd",2,1,"H",2.5,1.2,2,1,0,0,4,7,3,6,4,13,"2-1","Pierre-Luc Lauziere","2024-07-07-LA Galaxy-Minnesota Utd"
"223","MLS",2024-07-13,"Portland Timbers","RSL",3,0,"H",1.6,0.6,4,5,0,0,7,3,6,2,11,21,"3-0","Joe Dickerson","2024-07-13-Portland Timbers-RSL"
"224","MLS",2024-07-13,"Toronto FC","Philadelphia",2,1,"H",0.9,1,0,1,0,0,2,3,0,3,8,12,"2-1","Allen Chapman","2024-07-13-Toronto FC-Philadelphia"
"225","MLS",2024-07-13,"NE Revolution","Orlando City",1,3,"A",1,1.2,1,2,0,0,3,7,3,4,9,7,"1-3","Boiko Serhii","2024-07-13-NE Revolution-Orlando City"
"226","MLS",2024-07-13,"D.C. United","Nashville",2,1,"H",2.1,0.7,1,1,0,0,7,3,6,3,12,12,"2-1","Filip Dujic","2024-07-13-D.C. United-Nashville"
"227","MLS",2024-07-13,"FC Cincinnati","Charlotte",1,3,"A",2.1,1.7,2,5,1,0,6,6,5,2,9,11,"1-3","Guido Gonzalez Jr.","2024-07-13-FC Cincinnati-Charlotte"
"228","MLS",2024-07-13,"CF Montreal","Atlanta Utd",1,0,"H",2.1,0.4,3,2,0,1,7,0,4,7,10,11,"1-0","Ted Unkel","2024-07-13-CF Montreal-Atlanta Utd"
"229","MLS",2024-07-13,"SJ Earthquakes","Sporting KC",1,2,"A",0.7,0.9,2,1,0,0,1,4,8,7,8,12,"1-2","Alexis Da Silva","2024-07-13-SJ Earthquakes-Sporting KC"
"230","MLS",2024-07-13,"LAFC","Crew",1,5,"A",1.3,2.1,4,0,2,1,5,8,6,7,17,6,"1-5","Lukasz Szpala","2024-07-13-LAFC-Crew"
"231","MLS",2024-07-13,"FC Dallas","LA Galaxy",2,0,"H",1.3,0.4,0,0,0,0,5,1,6,2,11,8,"2-0","Ramy Touchan","2024-07-13-FC Dallas-LA Galaxy"
"232","MLS",2024-07-13,"Fire","NYCFC",0,0,"D",0.9,0.8,4,2,0,0,1,1,6,4,13,10,"0-0","Rosendo Mendoza","2024-07-13-Fire-NYCFC"
"233","MLS",2024-07-13,"St. Louis","Vancouver Wcaps",1,4,"A",1.3,2.7,3,3,0,0,2,9,5,5,10,10,"1-4","Pierre-Luc Lauziere","2024-07-13-St. Louis-Vancouver Wcaps"
"234","MLS",2024-07-13,"Rapids","NY Red Bulls",1,1,"D",1.9,1.6,1,2,0,0,4,7,1,3,6,13,"1-1","Tim Ford","2024-07-13-Rapids-NY Red Bulls"
"235","MLS",2024-07-13,"Austin","Seattle",0,1,"A",0.6,0.8,2,1,1,0,4,6,7,3,15,6,"0-1","Jair Marrufo","2024-07-13-Austin-Seattle"
"236","MLS",2024-07-13,"Dynamo FC","Minnesota Utd",1,1,"D",0.9,0.6,2,1,0,0,6,2,8,4,11,11,"1-1","Jon Freemon","2024-07-13-Dynamo FC-Minnesota Utd"
"237","MLS",2024-07-17,"Atlanta Utd","NYCFC",2,2,"D",1.4,1.5,3,1,0,0,9,4,7,5,15,7,"2-2","Lukasz Szpala","2024-07-17-Atlanta Utd-NYCFC"
"238","MLS",2024-07-17,"Philadelphia","NE Revolution",5,1,"H",2.3,0.1,0,1,0,0,8,1,4,3,10,6,"5-1","Rubiel Vazquez","2024-07-17-Philadelphia-NE Revolution"
"239","MLS",2024-07-17,"Crew","Charlotte",1,1,"D",1.8,2.1,1,2,0,0,8,5,9,1,2,4,"1-1","Victor Rivas","2024-07-17-Crew-Charlotte"
"240","MLS",2024-07-17,"NY Red Bulls","CF Montreal",2,2,"D",1.9,1.3,0,1,1,0,6,2,4,3,9,10,"2-2","Boiko Serhii","2024-07-17-NY Red Bulls-CF Montreal"
"241","MLS",2024-07-17,"Inter Miami","Toronto FC",3,1,"H",1.4,0.8,2,1,0,0,5,4,2,5,19,11,"3-1","Jair Marrufo","2024-07-17-Inter Miami-Toronto FC"
"242","MLS",2024-07-17,"FC Cincinnati","Fire",0,1,"A",1.5,1.6,3,3,1,0,7,8,8,3,8,18,"0-1","Filip Dujic","2024-07-17-FC Cincinnati-Fire"
"243","MLS",2024-07-17,"Seattle","St. Louis",2,0,"H",1.7,0.7,1,2,0,0,6,2,9,5,8,14,"2-0","Alexis Da Silva","2024-07-17-Seattle-St. Louis"
"244","MLS",2024-07-17,"Nashville","Orlando City",0,3,"A",0.3,1.3,3,2,0,0,1,5,6,1,12,11,"0-3","Pierre-Luc Lauziere","2024-07-17-Nashville-Orlando City"
"245","MLS",2024-07-17,"Vancouver Wcaps","Sporting KC",2,1,"H",1.3,1.3,0,1,0,0,4,6,4,6,10,8,"2-1","Marcos de Oliveira","2024-07-17-Vancouver Wcaps-Sporting KC"
"246","MLS",2024-07-17,"FC Dallas","Austin",3,1,"H",2.1,0.7,5,2,0,1,5,4,1,5,16,12,"3-1","Armando Villarreal","2024-07-17-FC Dallas-Austin"
"247","MLS",2024-07-17,"Minnesota Utd","D.C. United",2,3,"A",0.6,1.3,1,1,0,0,3,4,6,5,20,13,"2-3","Ricardo Fierro","2024-07-17-Minnesota Utd-D.C. United"
"248","MLS",2024-07-17,"LA Galaxy","Rapids",3,2,"H",2,2.3,1,4,0,0,8,8,4,5,11,8,"3-2","Ismir Pekmic","2024-07-17-LA Galaxy-Rapids"
"249","MLS",2024-07-17,"SJ Earthquakes","Dynamo FC",0,1,"A",0.7,1.3,0,1,0,0,0,6,5,7,16,16,"0-1","Natalie Simon","2024-07-17-SJ Earthquakes-Dynamo FC"
"250","MLS",2024-07-17,"LAFC","RSL",1,1,"D",0.8,1.4,2,5,0,0,5,2,6,5,12,18,"1-1","Guido Gonzalez Jr.","2024-07-17-LAFC-RSL"
"251","MLS",2024-07-20,"Inter Miami","Fire",2,1,"H",2.3,0.7,2,1,0,0,9,5,7,4,9,10,"2-1","Marcos de Oliveira","2024-07-20-Inter Miami-Fire"
"252","MLS",2024-07-20,"Philadelphia","Nashville",3,0,"H",4.3,1.7,3,3,0,0,9,3,4,7,12,9,"3-0","Chris Penso","2024-07-20-Philadelphia-Nashville"
"253","MLS",2024-07-20,"NE Revolution","FC Dallas",1,1,"D",1,1.2,4,2,0,0,2,1,8,4,16,15,"1-1","Pierre-Luc Lauziere","2024-07-20-NE Revolution-FC Dallas"
"254","MLS",2024-07-20,"CF Montreal","Toronto FC",0,1,"A",1.2,1.2,1,3,0,0,1,3,4,1,14,16,"0-1","Armando Villarreal","2024-07-20-CF Montreal-Toronto FC"
"255","MLS",2024-07-20,"NY Red Bulls","FC Cincinnati",3,1,"H",1.9,0.5,1,2,0,0,8,2,2,5,17,14,"3-1","Ted Unkel","2024-07-20-NY Red Bulls-FC Cincinnati"
"256","MLS",2024-07-20,"Orlando City","NYCFC",1,1,"D",0.6,1.3,1,4,0,0,5,3,5,5,11,18,"1-1","Joe Dickerson","2024-07-20-Orlando City-NYCFC"
"257","MLS",2024-07-20,"Atlanta Utd","Crew",2,1,"H",1.6,1.8,2,1,0,0,6,1,9,7,9,8,"2-1","Rosendo Mendoza","2024-07-20-Atlanta Utd-Crew"
"258","MLS",2024-07-20,"Austin","Charlotte",2,2,"D",1.8,2.3,3,1,0,0,4,4,3,3,11,10,"2-2","Jon Freemon","2024-07-20-Austin-Charlotte"
"259","MLS",2024-07-20,"Sporting KC","St. Louis",1,1,"D",2.2,0.8,2,3,0,0,6,2,8,3,13,15,"1-1","Rubiel Vazquez","2024-07-20-Sporting KC-St. Louis"
"260","MLS",2024-07-20,"Vancouver Wcaps","Dynamo FC",3,4,"A",3.3,1.2,2,3,0,0,6,7,4,1,7,16,"3-4","Fotis Bazakos","2024-07-20-Vancouver Wcaps-Dynamo FC"
"261","MLS",2024-07-20,"Minnesota Utd","SJ Earthquakes",2,0,"H",1.8,1.4,3,2,0,0,6,1,6,8,16,8,"2-0","Ismir Pekmic","2024-07-20-Minnesota Utd-SJ Earthquakes"
"262","MLS",2024-07-20,"Rapids","RSL",3,2,"H",2.2,0.7,2,0,0,0,3,4,4,4,10,10,"3-2","Ramy Touchan","2024-07-20-Rapids-RSL"
"263","MLS",2024-07-20,"Seattle","LAFC",0,3,"A",1.9,1.6,3,2,0,0,5,4,6,2,10,12,"0-3","Allen Chapman","2024-07-20-Seattle-LAFC"
"264","MLS",2024-07-20,"LA Galaxy","Portland Timbers",3,2,"H",1.8,1.2,2,5,0,0,6,4,4,6,6,13,"3-2","Boiko Serhii","2024-07-20-LA Galaxy-Portland Timbers"
"265","MLS",2024-03-09,"Toronto FC","Charlotte",1,0,"H",0.5,0.9,2,4,0,0,3,3,6,7,12,13,"1-0","Chris Grabas","2024-03-09-Toronto FC-Charlotte"
"266","MLS",2024-03-09,"NYCFC","Portland Timbers",1,2,"A",1.3,0.9,1,2,0,0,6,3,7,6,25,15,"1-2","Esteban Rosano","2024-03-09-NYCFC-Portland Timbers"
"267","MLS",2024-03-09,"Atlanta Utd","NE Revolution",4,1,"H",3.2,0.7,0,1,0,0,7,5,3,3,15,9,"4-1","Rafael Martinez","2024-03-09-Atlanta Utd-NE Revolution"
"268","MLS",2024-03-09,"NY Red Bulls","FC Dallas",2,1,"H",2,0.7,1,2,0,0,8,2,2,1,16,14,"2-1","Amin Hadzic","2024-03-09-NY Red Bulls-FC Dallas"
"269","MLS",2024-03-09,"Orlando City","Minnesota Utd",2,3,"A",4.1,1.4,1,6,0,0,6,4,8,4,7,14,"2-3","Wilmer Pino Mercado","2024-03-09-Orlando City-Minnesota Utd"
"270","MLS",2024-03-09,"Crew","Fire",2,1,"H",1.3,1.9,1,2,0,0,10,2,6,5,11,10,"2-1","Richonne Clark","2024-03-09-Crew-Fire"
"271","MLS",2024-03-09,"SJ Earthquakes","Vancouver Wcaps",0,2,"A",0.6,0.7,4,1,0,0,2,3,8,6,14,15,"0-2","Christopher Calderón","2024-03-09-SJ Earthquakes-Vancouver Wcaps"
"272","MLS",2024-03-09,"Austin","St. Louis",2,2,"D",1,2,1,3,0,0,2,6,5,12,17,14,"2-2","Guilherme Ceretta de Lima","2024-03-09-Austin-St. Louis"
"273","MLS",2024-03-09,"RSL","Rapids",1,2,"A",1.4,1.6,3,1,0,0,4,5,3,0,15,12,"1-2","Atahan Yaya","2024-03-09-RSL-Rapids"
"274","MLS",2024-03-09,"LAFC","Sporting KC",0,0,"D",1.5,0.6,2,4,0,0,6,6,6,8,19,10,"0-0","Lorenzo Hernandez","2024-03-09-LAFC-Sporting KC"
"275","MLS",2024-03-10,"Nashville","LA Galaxy",2,2,"D",1.3,1.9,2,2,0,0,3,7,3,9,15,7,"2-2","Wesley Costa","2024-03-10-Nashville-LA Galaxy"
"276","MLS",2024-03-10,"FC Cincinnati","D.C. United",0,0,"D",1.7,0.5,1,4,0,0,7,4,5,9,12,13,"0-0","Cristian Campo Hernández","2024-03-10-FC Cincinnati-D.C. United"
"277","MLS",2024-03-10,"Inter Miami","CF Montreal",2,3,"A",2.7,2,5,2,0,0,4,4,3,3,15,9,"2-3","Aleksandar Zhelyazkov","2024-03-10-Inter Miami-CF Montreal"
"278","MLS",2024-04-30,"Philadelphia","Seattle",2,3,"A",1.2,2.2,2,2,0,0,6,3,9,10,6,7,"2-3","Joe Dickerson","2024-04-30-Philadelphia-Seattle"
"279","MLS",2024-03-16,"Seattle","Rapids",1,1,"D",1.1,2.3,4,2,2,0,2,7,6,4,14,14,"1-1","Trevor Wiseman","2024-03-16-Seattle-Rapids"
"280","MLS",2024-03-16,"Fire","CF Montreal",4,3,"H",2.2,3,3,2,0,1,9,2,9,1,14,17,"4-3","DeShun Beard","2024-03-16-Fire-CF Montreal"
"281","MLS",2024-03-16,"D.C. United","Inter Miami",1,3,"A",1.4,2.3,5,3,1,0,7,7,8,5,19,12,"1-3","Lorenzo Hernandez","2024-03-16-D.C. United-Inter Miami"
"282","MLS",2024-03-16,"NYCFC","Toronto FC",2,1,"H",1.4,1.3,4,5,1,0,9,1,6,4,15,22,"2-1","Muhammad Hassan","2024-03-16-NYCFC-Toronto FC"
"283","MLS",2024-03-16,"Crew","NY Red Bulls",3,0,"H",2,0.3,2,4,0,1,3,2,7,1,13,15,"3-0","Andrew Musashe","2024-03-16-Crew-NY Red Bulls"
"284","MLS",2024-03-16,"Dynamo FC","Portland Timbers",1,0,"H",1.1,1.5,3,2,0,0,3,4,3,4,16,11,"1-0","Erick Lezama","2024-03-16-Dynamo FC-Portland Timbers"
"285","MLS",2024-03-16,"FC Dallas","Vancouver Wcaps",1,3,"A",1,1.2,0,1,0,0,3,3,3,2,13,10,"1-3","Jonathan Weiner","2024-03-16-FC Dallas-Vancouver Wcaps"
"286","MLS",2024-03-16,"Minnesota Utd","LAFC",2,0,"H",0.8,1.6,2,2,0,0,3,2,3,7,15,17,"2-0","Kyle Johnston","2024-03-16-Minnesota Utd-LAFC"
"287","MLS",2024-03-16,"Sporting KC","SJ Earthquakes",2,1,"H",1,1.3,3,2,0,0,3,6,3,5,12,16,"2-1","Amin Hadzic","2024-03-16-Sporting KC-SJ Earthquakes"
"288","MLS",2024-03-16,"LA Galaxy","St. Louis",3,3,"D",2.5,2.1,3,4,1,0,8,5,4,3,13,21,"3-3","Atahan Yaya","2024-03-16-LA Galaxy-St. Louis"
"289","MLS",2024-03-16,"Nashville","Charlotte",2,1,"H",1.1,1.3,1,3,0,0,2,4,4,3,9,14,"2-1","Esteban Rosano","2024-03-16-Nashville-Charlotte"
"290","MLS",2024-03-16,"Austin","Philadelphia",2,2,"D",1.2,2.4,3,6,0,0,2,5,5,5,12,19,"2-2","Wesley Costa","2024-03-16-Austin-Philadelphia"
"291","MLS",2024-03-17,"NE Revolution","FC Cincinnati",1,2,"A",1.2,1,4,5,0,0,7,5,7,3,12,13,"1-2","Richonne Clark","2024-03-17-NE Revolution-FC Cincinnati"
"292","MLS",2024-03-17,"Atlanta Utd","Orlando City",2,0,"H",0.8,0.5,5,1,0,0,7,3,5,8,16,7,"2-0","Cristian Campo Hernández","2024-03-17-Atlanta Utd-Orlando City"
"293","MLS",2024-03-23,"NY Red Bulls","Inter Miami",4,0,"H",1.2,0.3,0,3,0,0,6,2,6,3,16,5,"4-0","Rafael Martinez","2024-03-23-NY Red Bulls-Inter Miami"
"294","MLS",2024-03-23,"NE Revolution","Fire",1,1,"D",1.5,0.9,4,4,0,0,4,2,5,3,22,13,"1-1","Kyle Johnston","2024-03-23-NE Revolution-Fire"
"295","MLS",2024-03-23,"Vancouver Wcaps","RSL",1,2,"A",0.6,0.9,0,3,0,0,3,5,1,4,8,10,"1-2","Chris Grabas","2024-03-23-Vancouver Wcaps-RSL"
"296","MLS",2024-03-23,"Charlotte","Crew",2,0,"H",1.7,0.9,6,3,0,1,5,0,3,2,27,13,"2-0","Christopher Calderón","2024-03-23-Charlotte-Crew"
"297","MLS",2024-03-23,"Orlando City","Austin",2,0,"H",1.9,0.2,1,0,0,0,8,1,6,0,13,9,"2-0","Esteban Rosano","2024-03-23-Orlando City-Austin"
"298","MLS",2024-03-23,"Toronto FC","Atlanta Utd",2,0,"H",2.4,0.4,1,0,0,0,9,3,7,7,14,8,"2-0","Scott Bowman","2024-03-23-Toronto FC-Atlanta Utd"
"299","MLS",2024-03-23,"FC Cincinnati","NYCFC",1,0,"H",1.5,0.5,1,1,0,0,6,4,5,4,13,16,"1-0","Rafael Bonilla","2024-03-23-FC Cincinnati-NYCFC"
"300","MLS",2024-03-23,"Portland Timbers","Philadelphia",1,3,"A",1.8,1.9,1,3,0,0,6,7,4,5,13,19,"1-3","Cristian Campo Hernández","2024-03-23-Portland Timbers-Philadelphia"
"301","MLS",2024-03-23,"Sporting KC","LA Galaxy",2,3,"A",2.5,1.9,2,1,0,0,9,7,6,11,12,10,"2-3","Aleksandar Zhelyazkov","2024-03-23-Sporting KC-LA Galaxy"
"302","MLS",2024-03-23,"Rapids","Dynamo FC",0,1,"A",0.7,0.8,1,1,0,0,3,2,6,0,15,9,"0-1","Mario Maric","2024-03-23-Rapids-Dynamo FC"
"303","MLS",2024-03-23,"St. Louis","D.C. United",2,2,"D",2,1.9,4,4,0,0,4,3,6,0,15,21,"2-2","Amin Hadzic","2024-03-23-St. Louis-D.C. United"
"304","MLS",2024-03-23,"SJ Earthquakes","Seattle",3,2,"H",2.2,1.4,2,2,0,0,7,5,2,8,19,17,"3-2","Gabriele Ciampi","2024-03-23-SJ Earthquakes-Seattle"
"305","MLS",2024-03-23,"LAFC","Nashville",5,0,"H",4.8,0.5,4,2,0,1,10,2,7,3,19,6,"5-0","Erick Lezama","2024-03-23-LAFC-Nashville"
"306","MLS",2024-03-30,"Rapids","LAFC",3,2,"H",1.6,1.1,3,4,0,1,5,8,8,4,10,12,"3-2","Armando Villarreal","2024-03-30-Rapids-LAFC"
"307","MLS",2024-03-30,"Philadelphia","Minnesota Utd",2,0,"H",2.1,0.6,2,1,0,0,4,5,8,3,8,12,"2-0","Serhii Boiko","2024-03-30-Philadelphia-Minnesota Utd"
"308","MLS",2024-03-30,"Toronto FC","Sporting KC",1,3,"A",1.4,1.2,2,2,0,0,2,9,5,4,10,13,"1-3","Guido Gonzalez Jr.","2024-03-30-Toronto FC-Sporting KC"
"309","MLS",2024-03-30,"Inter Miami","NYCFC",1,1,"D",2.1,1.1,4,2,0,0,6,3,7,2,14,14,"1-1","Filip Dujic","2024-03-30-Inter Miami-NYCFC"
"310","MLS",2024-03-30,"Orlando City","NY Red Bulls",1,1,"D",0.7,1.8,1,3,0,0,3,1,7,2,8,14,"1-1","Victor Rivas","2024-03-30-Orlando City-NY Red Bulls"
"311","MLS",2024-03-30,"D.C. United","CF Montreal",1,0,"H",2.1,0.8,2,3,0,0,5,1,9,8,9,14,"1-0","Ramy Touchan","2024-03-30-D.C. United-CF Montreal"
"312","MLS",2024-03-30,"Charlotte","FC Cincinnati",1,1,"D",2.3,1.6,2,3,0,0,2,5,3,5,6,14,"1-1","Rubiel Vazquez","2024-03-30-Charlotte-FC Cincinnati"
"313","MLS",2024-03-30,"Dynamo FC","SJ Earthquakes",2,1,"H",0.8,0.2,2,5,0,2,8,2,10,1,13,11,"2-1","Ismir Pekmic","2024-03-30-Dynamo FC-SJ Earthquakes"
"314","MLS",2024-03-30,"Vancouver Wcaps","Portland Timbers",3,2,"H",2.4,1.1,2,0,0,0,4,4,1,0,13,6,"3-2","Allen Chapman","2024-03-30-Vancouver Wcaps-Portland Timbers"
"315","MLS",2024-03-30,"Nashville","Crew",2,2,"D",1.7,1.4,3,1,0,0,5,4,4,4,16,9,"2-2","Jon Freemon","2024-03-30-Nashville-Crew"
"316","MLS",2024-03-30,"Austin","FC Dallas",2,1,"H",1.5,0.7,3,2,0,0,3,4,4,2,13,14,"2-1","Rosendo Mendoza","2024-03-30-Austin-FC Dallas"
"317","MLS",2024-03-30,"RSL","St. Louis",3,1,"H",1.8,0.5,1,2,0,0,3,2,11,4,8,15,"3-1","Drew Fischer","2024-03-30-RSL-St. Louis"
"318","MLS",2024-03-30,"LA Galaxy","Seattle",1,0,"H",0.8,1.7,0,3,0,0,2,2,4,6,11,7,"1-0","Ismail Elfath","2024-03-30-LA Galaxy-Seattle"
"319","MLS",2024-03-31,"Atlanta Utd","Fire",3,0,"H",2.7,0.7,2,1,0,1,7,3,3,4,8,5,"3-0","Lukasz Szpala","2024-03-31-Atlanta Utd-Fire"
"320","MLS",2024-04-06,"Vancouver Wcaps","Toronto FC",4,0,"H",2.5,0.7,2,5,0,0,6,3,5,5,11,18,"4-0","Ramy Touchan","2024-04-06-Vancouver Wcaps-Toronto FC"
"321","MLS",2024-04-06,"LAFC","LA Galaxy",2,1,"H",3.6,1,4,0,0,0,8,4,6,4,20,7,"2-1","Jon Freemon","2024-04-06-LAFC-LA Galaxy"
"322","MLS",2024-04-06,"Crew","D.C. United",1,1,"D",0.6,1.9,1,2,1,0,4,3,2,3,7,19,"1-1","Pierre-Luc Lauziere","2024-04-06-Crew-D.C. United"
"323","MLS",2024-04-06,"Inter Miami","Rapids",2,2,"D",1,1.2,3,2,0,0,7,3,6,6,13,13,"2-2","Ted Unkel","2024-04-06-Inter Miami-Rapids"
"324","MLS",2024-04-06,"NYCFC","Atlanta Utd",1,1,"D",2.4,1.9,3,1,0,0,2,6,7,5,13,11,"1-1","Rosendo Mendoza","2024-04-06-NYCFC-Atlanta Utd"
"325","MLS",2024-04-06,"FC Cincinnati","NY Red Bulls",1,2,"A",0.7,1.2,3,2,0,0,4,4,8,8,19,16,"1-2","Drew Fischer","2024-04-06-FC Cincinnati-NY Red Bulls"
"326","MLS",2024-04-06,"NE Revolution","Charlotte",1,0,"H",1.1,0.6,2,2,0,0,3,2,4,6,9,11,"1-0","Serhii Boiko","2024-04-06-NE Revolution-Charlotte"
"327","MLS",2024-04-06,"Nashville","Philadelphia",1,2,"A",1.7,1.9,1,0,0,0,5,5,8,5,10,9,"1-2","Victor Rivas","2024-04-06-Nashville-Philadelphia"
"328","MLS",2024-04-06,"Fire","Dynamo FC",2,1,"H",1.4,1,1,1,0,0,5,4,5,6,14,12,"2-1","Malik Badawi","2024-04-06-Fire-Dynamo FC"
"329","MLS",2024-04-06,"Seattle","CF Montreal",5,0,"H",3.6,0.5,1,5,0,1,10,2,5,3,9,19,"5-0","Filip Dujic","2024-04-06-Seattle-CF Montreal"
"330","MLS",2024-04-06,"Austin","SJ Earthquakes",4,3,"H",1.9,2.7,3,3,0,0,5,8,10,3,11,12,"4-3","Lukasz Szpala","2024-04-06-Austin-SJ Earthquakes"
"331","MLS",2024-04-06,"Minnesota Utd","RSL",1,1,"D",1.9,1,3,3,1,0,7,5,7,6,13,11,"1-1","Mark Allatin","2024-04-06-Minnesota Utd-RSL"
"332","MLS",2024-04-06,"St. Louis","FC Dallas",0,0,"D",1.9,1.3,3,1,0,0,7,4,9,2,14,10,"0-0","Marcos de Oliveira","2024-04-06-St. Louis-FC Dallas"
"333","MLS",2024-04-07,"Sporting KC","Portland Timbers",3,3,"D",2.6,2.1,3,2,0,0,6,7,7,1,16,20,"3-3","Armando Villarreal","2024-04-07-Sporting KC-Portland Timbers"
"334","MLS",2024-04-13,"Portland Timbers","LAFC",2,2,"D",1.4,1.7,2,6,1,0,4,4,4,4,12,22,"2-2","Rubiel Vazquez","2024-04-13-Portland Timbers-LAFC"
"335","MLS",2024-04-13,"CF Montreal","FC Cincinnati",2,1,"H",1.1,1,3,3,0,0,4,4,5,4,14,11,"2-1","Lukasz Szpala","2024-04-13-CF Montreal-FC Cincinnati"
"336","MLS",2024-04-13,"NYCFC","NE Revolution",2,0,"H",2.5,0.4,2,3,0,0,6,6,4,6,18,13,"2-0","Pierre-Luc Lauziere","2024-04-13-NYCFC-NE Revolution"
"337","MLS",2024-04-13,"NY Red Bulls","Fire",0,0,"D",1.4,0.6,0,2,1,0,5,3,4,4,5,7,"0-0","Boiko Serhii","2024-04-13-NY Red Bulls-Fire"
"338","MLS",2024-04-13,"Charlotte","Toronto FC",3,2,"H",1,1.8,2,4,0,1,5,5,4,6,8,13,"3-2","Allen Chapman","2024-04-13-Charlotte-Toronto FC"
"339","MLS",2024-04-13,"D.C. United","Orlando City",2,3,"A",1.5,1.8,6,3,0,0,7,4,7,4,19,14,"2-3","Guido Gonzalez Jr.","2024-04-13-D.C. United-Orlando City"
"340","MLS",2024-04-13,"RSL","Crew",0,0,"D",1.8,0.6,6,3,0,0,8,4,6,3,22,10,"0-0","Ramy Touchan","2024-04-13-RSL-Crew"
"341","MLS",2024-04-13,"FC Dallas","Seattle",0,0,"D",0.8,1,2,0,0,0,2,2,4,3,12,12,"0-0","Alexis Da Silva","2024-04-13-FC Dallas-Seattle"
"342","MLS",2024-04-13,"Vancouver Wcaps","LA Galaxy",1,3,"A",2.4,2.4,4,2,0,0,7,5,10,7,8,8,"1-3","Ismir Pekmic","2024-04-13-Vancouver Wcaps-LA Galaxy"
"343","MLS",2024-04-13,"SJ Earthquakes","Rapids",0,3,"A",2.2,1.8,3,1,0,0,6,2,10,7,11,4,"0-3","Malik Badawi","2024-04-13-SJ Earthquakes-Rapids"
"344","MLS",2024-04-13,"Sporting KC","Inter Miami",2,3,"A",0.6,0.9,3,2,0,0,3,5,5,1,14,9,"2-3","Victor Rivas","2024-04-13-Sporting KC-Inter Miami"
"345","MLS",2024-04-13,"Minnesota Utd","Dynamo FC",1,2,"A",2.3,0.4,1,4,0,0,6,2,7,5,10,11,"1-2","Filip Dujic","2024-04-13-Minnesota Utd-Dynamo FC"
"346","MLS",2024-04-14,"Atlanta Utd","Philadelphia",2,2,"D",1.6,1.1,2,6,0,0,6,4,7,5,11,8,"2-2","Jon Freemon","2024-04-14-Atlanta Utd-Philadelphia"
"347","MLS",2024-04-14,"St. Louis","Austin",1,0,"H",1.5,0.3,2,2,0,0,4,0,5,6,18,14,"1-0","Ted Unkel","2024-04-14-St. Louis-Austin"
"348","MLS",2024-04-20,"Atlanta Utd","FC Cincinnati",1,2,"A",1.9,2,1,3,0,0,4,3,9,4,12,9,"1-2","Armando Villarreal","2024-04-20-Atlanta Utd-FC Cincinnati"
"349","MLS",2024-04-20,"CF Montreal","Orlando City",2,2,"D",1.5,1.5,4,2,0,0,4,1,1,8,12,8,"2-2","Jon Freemon","2024-04-20-CF Montreal-Orlando City"
"350","MLS",2024-04-20,"Crew","Portland Timbers",2,2,"D",1.5,0.6,1,1,0,0,4,4,6,1,10,14,"2-2","Ted Unkel","2024-04-20-Crew-Portland Timbers"
"351","MLS",2024-04-20,"NYCFC","D.C. United",2,0,"H",3,0.6,1,2,0,0,8,1,7,4,11,14,"2-0","Malik Badawi","2024-04-20-NYCFC-D.C. United"
"352","MLS",2024-04-20,"Toronto FC","NE Revolution",1,0,"H",1.5,1.5,3,2,0,0,7,5,0,8,11,15,"1-0","Mark Allatin","2024-04-20-Toronto FC-NE Revolution"
"353","MLS",2024-04-20,"Inter Miami","Nashville",3,1,"H",2.6,2.4,2,1,0,0,5,4,4,6,14,12,"3-1","Ismail Elfath","2024-04-20-Inter Miami-Nashville"
"354","MLS",2024-04-20,"Dynamo FC","Austin",0,1,"A",1.5,0.8,4,2,0,0,6,4,2,1,16,11,"0-1","Rubiel Vazquez","2024-04-20-Dynamo FC-Austin"
"355","MLS",2024-04-20,"Fire","RSL",0,4,"A",1.2,1.8,1,1,0,0,5,7,5,5,15,13,"0-4","Marcos de Oliveira","2024-04-20-Fire-RSL"
"356","MLS",2024-04-20,"Rapids","FC Dallas",2,1,"H",1.8,1,0,3,0,0,4,3,3,8,14,13,"2-1","Ricardo Fierro","2024-04-20-Rapids-FC Dallas"
"357","MLS",2024-04-20,"Seattle","Vancouver Wcaps",0,2,"A",0.6,2,1,3,2,0,1,4,6,3,8,12,"0-2","Ramy Touchan","2024-04-20-Seattle-Vancouver Wcaps"
"358","MLS",2024-04-20,"Sporting KC","St. Louis",3,3,"D",1.3,1.9,3,2,0,0,4,7,2,6,15,21,"3-3","Allen Chapman","2024-04-20-Sporting KC-St. Louis"
"359","MLS",2024-04-20,"LAFC","NY Red Bulls",2,2,"D",1.5,1,0,2,0,0,5,2,9,5,11,13,"2-2","Guido Gonzalez Jr.","2024-04-20-LAFC-NY Red Bulls"
"360","MLS",2024-04-21,"LA Galaxy","SJ Earthquakes",4,3,"H",2.4,1.8,2,4,1,0,6,6,3,5,11,21,"4-3","Rosendo Mendoza","2024-04-21-LA Galaxy-SJ Earthquakes"
"361","MLS",2024-04-21,"Charlotte","Minnesota Utd",0,3,"A",0.9,1.7,1,1,0,0,1,5,11,5,8,16,"0-3","Pierre-Luc Lauziere","2024-04-21-Charlotte-Minnesota Utd"
